<html xmlns="http://www.w3.org/1999/xhtml" xml:lang="en" lang="en">
 <head>
  <title>XHTML 1.0 Example</title>
  <script type="application/javascript">
   function loadpdf() {
    <!--  script code should go here  -->
   }
  </script>
 </head>
 <body onload="loadpdf()">
  <p>This is an example of an
   <abbr title="Extensible HyperText Markup Language">XHTML</abbr> 1.0 Strict document.<br/>
   <img id="validation-icon"
    src="http://www.w3.org/Icons/valid-xhtml10"
    alt="Valid XHTML 1.0 Strict"/><br/>
   <object id="pdf-object"
    name="pdf-object"
    type="application/pdf"
    data="http://www.w3.org/TR/xhtml1/xhtml1.pdf"
    width="100%"
    height="500"/>
  </p>
 </body>
</html>
